{
  "eye": {
    "orientation": [
      -0.20278696715831757,
      0,
      0,
      -0.9792228937149048
    ],
    "magnitude": 1,
    "position": [
      0,
      -159.00009155273438,
      367.0436706542969
    ]
  },
  "radius": 400,
  "type": "ORTHOGRAPHIC"
}